	опыт работы	возраст	образование	язык	желаемая з/п	Последнее место работы	пол_Мужчина	волонтерство	полная	проектная	стажировка	частичная	регион_Москва	регион_Санкт-Петербург
0	24.0	45.0	0	0	100000.0	1.0	1	0	1	0	0	0	0	1
1	26.0	49.0	1	1	157869.27000000002	1.0	1	0	1	0	0	0	0	0
2	2.0	23.0	0	0	200000.0	1.0	1	0	1	0	0	0	0	0
3	25.0	56.0	1	0	50000.0	1.0	1	0	1	1	0	1	0	0
4	12.0	38.0	1	1	90000.0	1.0	1	0	1	0	0	0	0	0
5	10.0	27.0	0	0	15000.0	1.0	0	0	0	0	0	1	0	0
6	17.0	37.0	0	0	70000.0	1.0	1	0	1	0	0	0	1	0
7	15.0		1	0	120000.0	1.0	1	0	1	0	0	0	0	0
8	8.0	32.0	1	0	100000.0	0.0	1	0	1	0	0	1	0	0
9	25.0		1	1	120000.0	1.0	1	0	1	1	0	1	0	0
10	8.0	31.0	0	0	200000.0	1.0	1	0	1	1	1	1	0	0
11	15.0	66.0	1	1	247401.0	1.0	1	0	1	0	0	0	1	0
12	20.0	39.0	0	1	60000.0	1.0	1	0	1	0	0	0	1	0
13	7.0	34.0	1	0	140000.0	0.0	1	0	1	0	0	0	0	0
14	4.0	24.0	0	1	180000.0	1.0	1	0	1	0	0	1	1	0
15	19.0	40.0	1	1	150000.0	1.0	1	0	1	0	0	0	1	0
16	12.0	33.0	1	0	25000.0	1.0	1	0	1	0	0	0	0	0
17	17.0	40.0	1	0	40000.0	1.0	1	0	1	0	0	0	0	1
18	9.0	30.0	1	0	15000.0	1.0	0	0	1	0	0	0	0	0
19	6.0	55.0	1	1	200000.0	1.0	1	0	1	0	0	0	0	0
20	8.0	28.0	0	0	21500.0	1.0	1	0	1	0	0	0	0	0
21	11.0	35.0	1	0	25000.0	1.0	1	0	1	0	0	1	0	0
22	12.0	35.0	1	0	70000.0	1.0	1	0	1	0	0	0	1	0
23	5.0	42.0	1	0	140000.0	1.0	1	0	1	1	0	1	0	0
24	16.0	43.0	1	0	50000.0	1.0	1	0	1	0	0	0	0	0
25	22.0	45.0	1	0	35000.0	1.0	1	0	1	0	0	0	0	0
26	2.0	28.0	0	1	55000.0	0.0	1	0	1	1	0	1	0	0
27	17.0	59.0	1	0	40000.0	1.0	1	0	1	0	0	0	0	1
28	9.0	32.0	0	0	1000.0	1.0	1	1	1	1	1	1	0	1
29	10.0	30.0	1	0	20000.0	1.0	1	0	0	1	0	1	0	0
30	10.0	32.0	0	0	40000.0	1.0	1	0	1	0	0	0	0	0
31	21.0	44.0	1	0	180000.0	1.0	1	0	1	1	0	1	0	0
32	16.0	39.0	1	0	35000.0	1.0	1	0	1	0	0	0	0	0
33	35.0	57.0	1	1	100000.0	1.0	1	0	1	0	0	1	0	0
34	10.0	53.0	1	0	250000.0	1.0	1	0	1	0	0	1	1	0
35	18.0	47.0	1	0	70000.0	1.0	1	0	1	1	0	1	0	0
36	20.0	42.0	1	0	100000.0	1.0	1	0	1	0	0	0	1	0
37	11.0		0	0	40000.0	1.0	1	0	1	0	1	1	0	0
38	8.0	24.0	0	0	60000.0	1.0	1	0	1	0	0	1	0	0
39	20.0	46.0	1	0	25000.0	1.0	1	0	1	0	0	0	0	0
40	11.0	47.0	0	0	80000.0	1.0	1	0	1	0	0	1	0	0
41	8.0	41.0	0	0	40000.0	1.0	1	0	1	1	1	1	1	0
42	17.0	38.0	1	0	20000.0	1.0	1	0	1	0	0	0	0	0
43	28.0	53.0	1	1	40000.0	1.0	1	0	1	0	0	0	0	0
44	11.0	34.0	1	1	90000.0	0.0	1	0	1	0	0	0	0	0
45	29.0	52.0	0	0	90000.0	1.0	1	0	0	0	0	1	0	0
46	12.0	36.0	1	1	35000.0	1.0	1	0	1	0	0	0	0	0
47	5.0	22.0	0	0	30000.0	1.0	1	0	1	0	1	1	0	0
48	11.0	58.0	0	1	40000.0	1.0	1	0	0	1	0	1	0	0
49	19.0	45.0	1	0	30000.0	1.0	1	0	1	0	0	1	0	0
50	18.0	40.0	1	0	40000.0	1.0	0	0	1	0	0	0	1	0
51	6.0	24.0	0	0	5000.0	1.0	1	0	0	1	0	1	1	0
52	13.0	35.0	1	1	80000.0	1.0	0	0	1	0	0	0	0	0
53	27.0	56.0	1	1	45000.0	1.0	0	0	0	1	0	0	0	0
54	20.0	61.0	1	0	60000.0	1.0	1	0	1	0	0	0	0	0
55	11.0	36.0	1	1	50000.0	1.0	0	0	1	1	0	0	0	0
56	12.0	47.0	1	1	40000.0	1.0	1	0	1	1	0	1	0	0
57	20.0	39.0	0	0	45000.0	1.0	1	0	1	1	0	1	0	1
58	19.0	46.0	1	1	91630.0	1.0	1	0	1	1	0	1	0	0
59	19.0	39.0	1	1	150000.0	1.0	1	0	1	1	0	1	0	1
60	26.0	45.0	1	0	70000.0	1.0	1	0	1	1	0	1	0	0
61	11.0	33.0	0	0	40000.0	1.0	1	0	1	1	0	1	0	0
62	6.0	26.0	0	0	250000.0	1.0	1	0	1	0	0	0	1	0
63	17.0	38.0	1	0	50000.0	1.0	1	0	1	0	0	0	1	0
64	13.0	39.0	0	1	50000.0	1.0	1	0	0	1	0	1	0	0
65	17.0	38.0	1	1	35000.0	1.0	1	0	1	0	0	0	0	1
66	20.0	44.0	1	0	150000.0	1.0	1	0	1	0	0	1	0	0
67	7.0	27.0	0	0	20000.0	0.0	1	0	1	0	0	0	0	0
68	7.0	42.0	0	0	250000.0	1.0	1	0	1	1	0	1	1	0
69	7.0	28.0	0	0	80000.0	1.0	1	0	1	1	1	1	0	0
70	13.0	36.0	1	1	60000.0	1.0	1	0	1	1	0	1	0	0
71	3.0	24.0	0	0	35000.0	1.0	1	0	1	0	0	0	0	0
72	7.0	30.0	0	1	250000.0	1.0	1	0	1	0	0	0	1	0
73	6.0	33.0	1	0	25000.0	1.0	1	0	1	0	0	0	0	0
74	32.0	52.0	1	1	120000.0	1.0	1	0	1	1	0	1	0	0
75	7.0	28.0	1	0	100000.0	1.0	1	0	1	0	0	0	0	0
76	12.0	35.0	1	0	35000.0	1.0	1	0	1	0	0	0	0	0
77	3.0	25.0	0	0	60000.0	1.0	1	0	1	0	0	0	0	1
78	24.0	40.0	1	0	130000.0	1.0	1	0	1	1	0	1	0	0
79	4.0	27.0	0	0	35000.0	1.0	1	0	0	0	0	1	0	0
80	16.0	37.0	0	0	45000.0	1.0	1	0	1	0	0	0	1	0
81	7.0	17.0	0	0	10.0	1.0	1	0	1	0	0	0	1	0
82	15.0	36.0	1	1	80000.0	1.0	1	0	1	0	0	1	1	0
83	24.0	40.0	1	0	91630.0	1.0	1	0	1	0	0	0	0	1
84	17.0	41.0	1	0	183260.0	1.0	1	0	1	0	0	1	0	0
85	9.0		1	0	290000.0	1.0	1	0	1	1	0	1	0	0
86	15.0	45.0	1	0	25000.0	1.0	1	0	1	0	0	0	0	0
87	8.0	35.0	1	1	160000.0	1.0	0	0	1	1	1	1	0	0
88	27.0	50.0	1	1	230000.0	1.0	1	0	1	0	0	1	0	0
89	24.0	40.0	1	0	65000.0	1.0	1	0	0	1	0	1	0	0
90	11.0	31.0	1	0	30000.0	1.0	1	0	1	0	0	1	0	0
91	23.0	40.0	1	1	70000.0	1.0	1	0	0	0	0	1	0	0
92	4.0	26.0	0	0	260000.0	1.0	1	0	1	0	0	0	1	0
93	27.0	59.0	1	0	100000.0	1.0	1	0	1	0	0	0	1	0
94	13.0	34.0	1	0	23000.0	1.0	1	0	1	0	0	0	0	0
95	14.0	33.0	1	1	75000.0	1.0	1	0	1	1	0	1	1	0
96	8.0	30.0	1	0	180000.0	1.0	1	0	1	0	0	1	0	0
97	6.0	29.0	1	1	30000.0	1.0	1	0	1	0	0	0	0	0
98	9.0	28.0	0	0	25000.0	1.0	1	0	1	0	0	0	0	0
99	9.0	30.0	0	0	824670.0	1.0	1	0	1	1	0	0	0	1
100	6.0	28.0	0	0	30000.0	1.0	1	0	1	0	0	0	0	0
101	8.0	30.0	0	1	60000.0	1.0	1	0	1	0	0	1	0	0
102	2.0	24.0	1	0	80000.0	1.0	1	0	1	0	0	0	0	0
103	1.0	56.0	1	0	40000.0	1.0	1	0	0	1	1	1	1	0
104	9.0	33.0	1	1	30000.0	1.0	1	0	1	0	0	0	0	0
105	1.0		0	0	90000.0	1.0	1	0	1	0	0	0	0	0
106	20.0	40.0	0	1	256564.0	1.0	1	0	1	1	0	1	0	1
107	18.0	36.0	1	0	98730.0	1.0	0	0	1	0	0	0	0	0
108	10.0	29.0	0	1	140000.0	1.0	1	0	1	0	0	1	0	0
109	6.0	39.0	1	0	10000.0	1.0	1	0	1	0	0	0	0	0
110	22.0	46.0	1	1	60000.0	1.0	1	0	1	0	0	0	0	0
111	23.0	57.0	1	0	150000.0	1.0	1	0	1	0	0	0	0	0
112	14.0		1	0	80000.0	1.0	1	0	1	0	0	0	1	0
113	2.0	22.0	0	1	90000.0	0.0	1	0	1	1	1	1	0	0
114	1.0	26.0	1	0	60000.0	0.0	1	0	1	0	0	0	0	1
115	7.0	29.0	1	0	100000.0	1.0	1	0	1	1	1	1	0	0
116	19.0	41.0	1	1	150000.0	1.0	1	0	1	1	0	1	0	0
117	19.0	54.0	1	0	70000.0	1.0	1	0	1	0	0	0	1	0
118	12.0	33.0	1	0	28000.0	1.0	1	0	1	0	0	0	0	0
119	8.0	38.0	0	0	36652.0	1.0	1	0	1	1	0	1	0	0
120	16.0	35.0	1	1	30000.0	1.0	1	0	1	0	0	0	0	0
121	18.0	39.0	1	1	25000.0	1.0	1	0	1	0	0	0	0	0
122	4.0	27.0	0	0	220000.0	1.0	1	0	1	0	0	0	1	0
123	10.0	41.0	1	0	170000.0	1.0	1	0	1	1	0	1	0	0
124	5.0	35.0	0	0	100000.0	1.0	1	0	1	1	1	1	1	0
125	15.0	38.0	0	0	35000.0	1.0	1	0	1	0	0	0	0	0
126	9.0	32.0	1	0	20000.0	1.0	1	0	0	1	1	1	0	0
127	7.0	28.0	0	1	50000.0	1.0	1	0	1	0	0	0	0	0
128	12.0	35.0	1	0	60000.0	1.0	1	0	1	0	0	0	1	0
129	17.0	37.0	1	0	70000.0	1.0	1	0	1	0	0	0	0	0
130	7.0	40.0	1	0	50000.0	1.0	1	0	0	0	0	1	1	0
131	14.0	38.0	1	0	120000.0	1.0	1	0	1	0	1	1	0	1
132	12.0	54.0	1	0	60000.0	1.0	1	0	1	1	0	1	0	0
133	17.0	39.0	1	0	35000.0	1.0	1	0	1	0	0	0	0	0
134	12.0	38.0	1	1	90000.0	1.0	1	0	1	0	0	0	0	0
135	7.0	28.0	1	0	30000.0	1.0	0	0	1	0	0	0	0	0
136	14.0	35.0	1	0	17000.0	1.0	0	0	1	0	0	0	0	0
137	19.0	39.0	1	1	50000.0	1.0	1	0	0	1	0	0	1	0
138	16.0	36.0	1	0	150000.0	1.0	1	0	1	0	0	0	0	0
139	9.0		0	1	50000.0	1.0	1	0	1	1	0	1	0	0
140	21.0	56.0	0	1	100000.0	1.0	1	0	1	0	0	0	1	0
141	12.0	33.0	1	0	150000.0	1.0	1	0	1	1	0	1	0	1
142	4.0	26.0	1	0	200000.0	1.0	1	0	1	0	0	0	1	0
143	33.0	61.0	1	1	70000.0	1.0	1	0	1	1	0	1	0	0
144	14.0		0	0	183260.0	0.0	1	0	1	0	0	0	0	0
145	3.0	36.0	1	0	250000.0	1.0	1	0	1	0	0	0	0	0
146	9.0	32.0	1	0	100000.0	1.0	1	0	1	1	1	1	0	0
147	11.0	41.0	1	1	137445.0	1.0	1	0	1	0	0	1	0	0
148	5.0	25.0	0	1	366520.0	1.0	1	0	1	1	1	1	0	0
149	3.0	23.0	0	0	80000.0	1.0	1	0	1	1	0	1	0	0
150	22.0	57.0	1	0	10000.0	1.0	1	0	1	0	0	1	0	1
151	29.0	51.0	1	0	100000.0	1.0	1	0	1	1	1	1	1	0
152	5.0	30.0	1	0	200000.0	1.0	1	0	1	0	0	0	0	0
153	50.0	76.0	1	1	40000.0	1.0	1	0	1	0	0	0	1	0
154	11.0	32.0	1	0	20000.0	1.0	1	0	0	1	0	1	0	1
155	3.0		1	0	70000.0	1.0	1	0	1	1	1	1	0	0
156	11.0	32.0	1	1	250000.0	1.0	0	0	1	0	0	1	1	0
157	13.0	36.0	0	0	110000.0	1.0	1	0	1	0	0	0	0	1
158	9.0	31.0	0	0	120000.0	1.0	1	0	1	0	0	0	0	0
159	4.0	25.0	0	0	100000.0	1.0	0	0	1	0	0	0	0	0
160	24.0	54.0	1	0	100000.0	1.0	1	0	1	0	0	0	0	1
161	18.0	45.0	0	0	100000.0	1.0	1	0	1	0	0	1	0	0
162	2.0	23.0	0	1	80000.0	0.0	1	0	1	0	0	0	1	0
163	15.0	31.0	0	0	30000.0	1.0	1	0	1	0	0	0	0	0
164	19.0	39.0	1	0	60000.0	1.0	1	0	1	1	0	1	0	0
165	22.0	44.0	1	1	100000.0	1.0	1	0	1	0	0	0	1	0
166	12.0	32.0	1	0	50000.0	1.0	1	0	0	1	0	1	0	0
167	24.0	46.0	0	0	230000.0	1.0	1	0	1	0	0	0	0	0
168	19.0	42.0	1	0	150000.0	1.0	1	0	1	1	1	1	0	0
169	15.0		0	0	183260.0	1.0	1	0	1	1	0	1	0	0
170	16.0	33.0	1	1	140000.0	1.0	1	0	0	1	0	1	0	0
171	26.0	53.0	1	0	85000.0	1.0	1	0	1	0	0	0	0	0
172	17.0	37.0	1	0	120000.0	1.0	1	0	0	1	0	1	1	0
173	13.0	36.0	0	0	290000.0	1.0	1	0	1	0	0	0	0	0
174	15.0		1	1	25000.0	1.0	1	0	1	0	0	0	0	0
175	17.0	43.0	0	1	350000.0	1.0	1	0	1	0	0	0	0	0
176	29.0	45.0	0	1	150000.0	1.0	1	0	1	0	0	0	1	0
177	18.0	40.0	1	0	20000.0	1.0	0	0	1	0	0	0	0	0
178	17.0	34.0	1	0	80000.0	1.0	1	0	1	0	0	1	1	0
179	3.0	61.0	1	1	80000.0	0.0	1	0	1	0	1	1	0	0
180	22.0	44.0	0	1	20000.0	1.0	1	0	1	1	0	0	0	0
181	12.0	35.0	1	1	240000.0	1.0	1	0	1	0	0	1	0	0
182	16.0		0	0	70000.0	0.0	1	0	1	1	0	1	1	0
183	26.0	48.0	1	1	199000.0	1.0	1	0	1	1	0	1	0	0
184	32.0	52.0	1	1	140000.0	1.0	1	0	1	1	0	1	0	0
185	8.0	30.0	1	0	45000.0	0.0	1	0	1	0	0	0	0	0
186	9.0	32.0	1	0	350000.0	1.0	1	0	1	0	0	1	0	0
187	35.0	58.0	1	0	100000.0	1.0	1	0	1	0	0	1	0	0
188	7.0	29.0	0	1	50000.0	1.0	1	0	1	0	1	1	1	0
189	4.0	22.0	0	0	60000.0	1.0	1	0	1	1	1	1	0	0
190	9.0	31.0	0	1	229075.0	1.0	1	0	1	0	0	1	0	0
191	25.0	51.0	0	1	250000.0	1.0	1	0	1	0	0	0	0	0
192	17.0	39.0	1	0	5000.0	1.0	1	0	1	0	0	0	0	0
193	20.0	41.0	1	0	127800.0	1.0	1	0	1	1	0	0	0	0
194	12.0	40.0	1	0	50000.0	1.0	1	0	1	0	0	1	0	0
195	17.0	38.0	0	0	30000.0	1.0	1	0	1	0	0	0	0	0
196	16.0	36.0	1	0	40000.0	1.0	1	0	1	0	0	0	0	0
197	4.0	39.0	1	0	72000.0	1.0	1	0	0	0	0	1	1	0
198	13.0	32.0	1	0	105000.0	1.0	1	0	1	1	0	0	1	0
199	3.0	22.0	0	1	100000.0	1.0	1	0	1	0	0	0	0	0
200	1.0	24.0	1	0	50000.0	1.0	1	0	1	0	0	0	1	0
201	13.0	53.0	0	1	30000.0	1.0	1	0	1	1	0	1	0	0
202	15.0	36.0	0	0	15000.0	1.0	1	0	1	0	0	0	0	0
203	12.0	35.0	1	0	15000.0	1.0	0	0	1	0	0	0	0	0
204	33.0	57.0	1	1	80000.0	1.0	1	0	1	1	0	1	0	1
205	13.0	36.0	1	1	50000.0	1.0	1	0	0	0	0	1	0	0
206	8.0	32.0	1	0	150000.0	1.0	1	0	1	0	0	0	0	0
207	12.0	37.0	0	0	75000.0	1.0	0	0	1	0	0	0	0	1
208	7.0	31.0	1	0	130000.0	1.0	1	0	1	0	0	0	0	0
209	23.0	50.0	1	1	240000.0	1.0	1	0	1	1	0	1	0	0
210	17.0	38.0	1	1	80000.0	1.0	1	0	1	0	0	0	0	0
211	10.0	33.0	0	0	20000.0	1.0	1	0	1	1	1	1	0	1
212	28.0	52.0	1	0	30000.0	1.0	1	0	1	0	0	0	0	0
213	6.0	30.0	0	0	35000.0	1.0	1	0	1	1	0	0	0	0
214	31.0	79.0	1	0	15000.0	1.0	1	0	1	0	0	0	0	0
215	12.0	37.0	1	0	80000.0	1.0	1	0	1	0	1	0	0	0
216	31.0	54.0	1	1	80000.0	1.0	1	0	1	0	0	0	0	0
217	10.0	38.0	1	0	30000.0	1.0	1	0	1	0	0	0	0	0
218	18.0	40.0	1	0	229075.0	1.0	1	0	1	1	0	1	0	0
219	24.0		1	0	100793.0	1.0	0	0	1	0	0	0	0	0
220	14.0	36.0	1	0	137445000.0	1.0	1	0	1	1	0	1	0	0
221	16.0	38.0	1	1	30000.0	1.0	1	0	0	0	0	1	1	0
222	15.0	36.0	1	0	150000.0	1.0	1	0	1	0	0	0	1	0
223	20.0	45.0	1	0	50000.0	1.0	1	0	1	0	0	1	0	0
224	7.0	32.0	1	0	50000.0	1.0	1	0	1	0	0	0	0	0
225	4.0	40.0	0	1	60000.0	1.0	1	0	1	1	1	1	0	0
226	5.0	27.0	1	0	70000.0	1.0	1	0	1	0	0	0	0	0
227	15.0	37.0	1	0	275000.0	1.0	1	0	1	0	0	1	0	0
228	4.0	22.0	0	0	140000.0	1.0	1	0	1	1	1	1	0	0
229	9.0	37.0	1	0	80000.0	1.0	1	0	1	1	0	1	0	0
230	5.0	36.0	0	1	80000.0	0.0	1	0	1	0	0	0	0	0
231	9.0	33.0	1	0	15000.0	1.0	1	0	1	0	1	0	0	0
232	17.0	46.0	0	0	137445.0	1.0	1	0	0	1	0	1	1	0
233	15.0	36.0	1	0	150000.0	1.0	1	0	1	0	0	0	0	1
234	16.0	39.0	1	0	100000.0	1.0	1	0	0	1	0	1	0	0
235	19.0	44.0	1	1	55000.0	1.0	1	0	1	0	0	0	0	0
236	24.0	47.0	1	1	170000.0	1.0	1	0	1	0	0	0	1	0
237	9.0	33.0	1	0	150000.0	1.0	1	0	1	0	0	1	0	0
238	43.0	65.0	1	1	100000.0	1.0	1	0	1	1	0	1	0	0
239	15.0	36.0	1	0	20000.0	1.0	1	0	1	0	0	0	0	0
240	3.0	31.0	0	0	230000.0	1.0	1	0	1	0	0	0	1	0
241	22.0	60.0	1	0	45000.0	1.0	1	0	1	0	0	0	0	0
242	17.0	40.0	0	0	50000.0	1.0	1	0	1	0	0	0	1	0
243	9.0	29.0	1	1	140000.0	1.0	1	0	1	1	0	1	1	0
244	3.0	39.0	1	0	25000.0	0.0	1	0	1	0	0	0	0	1
245	3.0	46.0	1	1	40000.0	0.0	1	0	1	0	0	0	0	0
246	16.0	54.0	0	0	90000.0	1.0	1	0	1	1	0	1	0	0
247	4.0	30.0	0	0	140000.0	1.0	1	0	1	0	0	0	0	0
248	13.0	37.0	1	0	25000.0	1.0	1	0	1	0	0	0	0	0
249	1.0	22.0	0	0	50000.0	1.0	1	0	1	0	0	1	0	0
250	2.0	27.0	1	0	50000.0	1.0	1	0	0	1	0	1	0	0
251	17.0	48.0	1	1	60000.0	1.0	1	0	1	0	0	1	0	0
252	19.0	42.0	1	0	100000.0	1.0	1	0	0	1	0	1	1	0
253	14.0	34.0	0	1	40000.0	1.0	1	0	1	0	0	0	0	0
254		45.0	0	0	60000.0		1	0	1	0	0	0	1	0
255	12.0	44.0	1	1	20000.0	1.0	1	0	1	1	1	1	0	0
256	2.0	34.0	0	0	99999.0	0.0	1	0	0	1	0	0	1	0
257	1.0	30.0	0	0	90000.0	0.0	1	0	1	1	1	1	1	0
258	4.0	30.0	0	0	40000.0	0.0	1	0	1	1	0	0	1	0
259	20.0	38.0	1	0	91630.0	1.0	1	1	0	1	1	0	0	0
260	23.0	40.0	1	1	400000.0	1.0	1	0	1	0	0	0	0	0
261	8.0	43.0	1	0	30000.0	1.0	1	0	1	0	0	0	0	0
262	46.0	71.0	1	0	45000.0	1.0	1	0	1	0	0	1	0	0
263	4.0	35.0	1	1	50000.0	0.0	1	0	1	0	0	0	1	0
264	10.0	35.0	0	1	100000.0	1.0	1	0	1	0	0	0	0	0
265	3.0	27.0	0	0	140000.0	1.0	1	0	1	0	1	1	0	0
266	3.0	28.0	1	0	250000.0	1.0	1	0	1	0	0	0	0	1
267	18.0	71.0	1	1	65000.0	1.0	1	0	1	0	0	0	1	0
268	26.0	49.0	1	1	195000.0	1.0	1	0	1	1	0	1	1	0
269	12.0	38.0	1	0	35000.0	1.0	0	0	1	1	1	1	0	0
270	7.0	29.0	0	0	25000.0	1.0	1	0	1	1	1	1	0	0
271	9.0	30.0	0	0	350000.0	1.0	1	0	1	1	0	1	1	0
272	24.0	51.0	1	0	183260.0	1.0	1	0	1	0	0	0	0	0
273	1.0	28.0	0	0	80000.0	0.0	1	0	1	0	0	0	1	0
274	13.0	39.0	0	1	80000.0	1.0	1	0	0	1	0	1	1	0
275	14.0	37.0	1	0	60000.0	1.0	1	0	1	0	0	0	1	0
276	24.0	52.0	1	0	80000.0	1.0	1	0	1	0	0	0	0	0
277	20.0	44.0	0	0	20000.0	1.0	1	0	1	0	0	0	0	0
278	7.0	29.0	0	0	300000.0	1.0	1	0	1	1	0	1	0	0
279	14.0	41.0	1	0	40000.0	1.0	1	0	0	1	0	1	0	0
280	9.0	30.0	0	0	40000.0	1.0	1	0	1	1	0	1	1	0
281	8.0	31.0	0	0	35000.0	0.0	1	0	1	0	0	0	0	0
282	4.0	27.0	1	0	70000.0	1.0	0	0	1	0	0	0	1	0
283	4.0	38.0	1	0	15000.0	0.0	1	0	1	0	0	0	0	0
284	2.0	34.0	1	0	40000.0	0.0	1	0	1	0	0	0	0	0
285	12.0	33.0	0	0	200000.0	1.0	1	0	1	0	0	0	1	0
286	1.0	26.0	0	1	20000.0	0.0	1	0	0	1	1	1	0	0
287	1.0	29.0	1	0	150000.0	1.0	1	0	1	0	0	0	1	0
288	9.0	31.0	1	0	91630.0	0.0	1	0	1	0	0	1	0	1
289	11.0	33.0	1	1	20000.0	1.0	1	0	1	0	0	0	0	0
290	3.0	42.0	1	1	80000.0	0.0	1	0	1	0	0	0	1	0
291	11.0	40.0	1	1	150000.0	1.0	1	0	1	0	0	0	0	0
292	12.0	30.0	0	0	160000.0	1.0	1	0	1	1	1	1	1	0
293	6.0	27.0	0	0	100000.0	1.0	0	0	1	0	0	1	0	0
294	1.0	29.0	0	0	20000.0	0.0	1	0	1	0	0	0	0	0
295	12.0	47.0	1	1	50000.0	0.0	1	0	1	0	0	1	1	0
296	11.0	35.0	0	1	120000.0	1.0	1	0	1	1	1	1	0	0
297	6.0	35.0	0	0	100000.0	1.0	1	0	1	1	1	0	0	0
298	2.0	23.0	0	0	130000.0	0.0	1	0	1	1	0	0	0	0
299	4.0	34.0	0	0	40000.0	0.0	1	0	1	0	0	0	0	0
300	2.0	24.0	1	0	91630.0	0.0	0	0	1	0	0	0	0	0
301	32.0	56.0	1	0	150000.0	1.0	1	0	1	1	1	0	0	0
302	8.0	28.0	1	0	70000.0	1.0	1	0	1	1	0	1	0	1
303	7.0	27.0	0	0	55000.0	1.0	1	0	1	0	0	1	0	0
304	4.0	45.0	0	0	70000.0	1.0	1	0	1	1	1	1	0	1
305	10.0	29.0	0	0	130000.0	1.0	1	0	1	0	0	1	0	1
306	20.0	47.0	1	0	45000.0	1.0	1	0	1	0	0	0	0	0
307	13.0	36.0	1	0	220000.0	1.0	1	0	1	1	0	1	0	0
308	6.0	33.0	1	0	25000.0	0.0	1	0	1	0	0	0	0	0
309	7.0	30.0	1	0	30000.0	1.0	1	0	0	0	0	1	1	0
310	33.0		1	0	300000.0	1.0	1	0	1	0	0	0	1	0
311	38.0	60.0	1	0	60000.0	1.0	1	0	1	0	0	0	0	0
312	16.0	39.0	1	1	50000.0	1.0	0	0	1	0	0	0	0	0
313	16.0	41.0	1	0	60000.0	0.0	1	0	1	0	0	0	0	0
314	6.0	38.0	1	0	20000.0	1.0	0	0	1	0	0	0	0	0
315	11.0	30.0	1	0	180000.0	1.0	1	0	1	0	0	0	1	0
316	5.0	29.0	0	1	85000.0	1.0	1	0	1	1	0	1	0	0
317	32.0	55.0	1	0	75000.0	1.0	0	0	1	0	0	0	0	0
318	4.0	39.0	1	0	160000.0	0.0	1	0	1	0	0	0	0	0
319	13.0	32.0	0	0	10000.0	1.0	1	0	1	0	0	0	0	0
320	11.0	33.0	1	0	220000.0	0.0	1	0	1	0	0	1	1	0
321	9.0		1	0	46000.0	1.0	1	0	1	0	0	0	0	0
322	10.0	38.0	1	0	100000.0	1.0	1	0	1	0	0	0	0	0
323	23.0	59.0	1	0	100000.0	1.0	1	0	1	0	0	0	0	0
324	20.0	45.0	1	0	230000.0	1.0	1	0	1	0	0	1	0	0
325	2.0	23.0	0	0	150000.0	1.0	0	0	1	0	0	0	1	0
326	9.0	30.0	0	0	90000.0	1.0	1	0	1	0	0	0	0	0
327	7.0	24.0	0	1	10000.0	1.0	1	0	0	1	0	1	0	1
328	1.0	21.0	0	0	50000.0	0.0	1	0	1	0	0	0	0	0
329	15.0	57.0	0	0	30000.0	1.0	1	0	1	1	1	1	0	0
330	2.0	37.0	0	0	20000.0	0.0	1	0	1	0	0	0	1	0
331	18.0	41.0	1	0	150000.0	1.0	1	0	1	1	0	1	0	0
332	2.0	29.0	0	0	250000.0	1.0	1	0	1	0	0	0	1	0
333	7.0	30.0	0	1	45000.0	1.0	1	0	1	0	0	0	1	0
334	19.0	37.0	0	0	20000.0	1.0	1	0	1	0	0	0	0	0
335	2.0	24.0	0	0	170000.0	1.0	1	0	1	0	0	0	0	0
336	31.0	61.0	1	1	50000.0	1.0	1	0	1	0	0	0	0	0
337	18.0	38.0	0	0	80000.0	1.0	1	0	1	1	0	0	0	0
338	2.0	26.0	0	0	100000.0	1.0	1	0	1	1	0	1	1	0
339	4.0	23.0	0	0	30000.0	1.0	1	0	1	0	0	0	0	0
340	21.0	40.0	1	0	120000.0	1.0	1	0	1	1	0	1	0	0
341	17.0	47.0	1	1	110000.0	1.0	1	0	1	1	0	1	0	1
342	4.0	24.0	0	0	60000.0	1.0	1	0	1	0	0	0	1	0
343	32.0		1	0	45815.0	1.0	1	0	1	0	0	1	0	0
344	1.0	26.0	1	0	40000.0	0.0	1	0	1	0	1	1	1	0
345	1.0	34.0	1	0	25000.0	0.0	1	0	1	0	0	0	0	0
346	7.0	28.0	0	0	160000.0	1.0	1	0	1	0	0	0	0	0
347	12.0	48.0	1	0	130000.0	0.0	1	0	1	0	0	0	1	0
348	10.0	34.0	0	0	30000.0	1.0	1	0	1	0	0	0	0	0
349	7.0	31.0	0	1	25000.0	1.0	1	0	1	1	0	1	0	1
350	7.0	31.0	1	0	40000.0	1.0	1	0	1	1	0	1	0	0
351	4.0	26.0	0	1	200000.0	1.0	1	0	1	1	0	1	0	0
352	20.0	41.0	1	0	493650.0	1.0	1	0	1	0	0	1	0	0
353	10.0	27.0	0	1	100000.0	1.0	1	0	1	0	0	0	0	0
354	1.0	44.0	0	0	20000.0	0.0	1	0	1	0	0	0	0	0
355	3.0	26.0	0	0	120000.0	1.0	1	0	1	0	0	1	0	0
356	6.0	31.0	1	0	60000.0	1.0	1	0	1	1	1	1	0	0
357	11.0	31.0	1	1	35000.0	1.0	0	0	0	0	0	1	1	0
358	8.0	29.0	0	0	40000.0	1.0	1	0	1	0	0	0	0	0
359	13.0	52.0	1	1	80000.0	1.0	1	0	0	1	0	1	1	0
360	24.0	47.0	0	1	45000.0	1.0	1	0	1	0	0	0	0	1
361	20.0	42.0	1	0	58000.0	1.0	0	0	1	0	0	0	0	0
362	3.0	21.0	0	0	87000.0	1.0	1	0	1	1	1	1	1	0
363	15.0	55.0	0	0	20000.0	0.0	1	0	1	1	0	1	0	0
364	1.0	27.0	0	0	50000.0	0.0	1	0	1	0	0	0	1	0
365	25.0	45.0	1	1	150000.0	1.0	1	0	1	0	0	0	1	0
366	4.0	31.0	1	1	74000.0	0.0	1	0	1	0	0	0	0	0
367	13.0	31.0	1	0	274890.0	1.0	1	0	1	1	0	1	0	0
368	11.0	28.0	0	0	50000.0	0.0	1	0	1	0	0	1	0	0
369	2.0	37.0	1	1	20000.0	0.0	1	0	1	0	0	0	0	0
370	7.0	28.0	0	0	50000.0	1.0	1	0	1	0	0	1	0	1
371	12.0	38.0	1	1	25000.0	1.0	1	0	1	0	0	0	0	0
372	5.0	28.0	0	0	50000.0	1.0	1	0	1	0	0	0	0	0
373	9.0	30.0	0	0	135000.0	1.0	0	0	1	1	1	1	1	0
374	8.0	33.0	1	0	15000.0	1.0	1	0	0	0	0	1	0	0
375	2.0	32.0	0	0	15000.0	0.0	1	0	1	0	0	0	0	0
376	3.0	22.0	0	1	130000.0	1.0	1	0	1	1	0	1	1	0
377	17.0	34.0	0	0	130000.0	1.0	1	0	1	0	1	0	0	0
378	5.0	33.0	1	0	150000.0	1.0	1	0	1	0	0	0	0	1
379	11.0	31.0	1	0	110000.0	1.0	1	0	1	0	0	0	0	0
380	18.0	42.0	0	1	90000.0	0.0	1	0	1	0	0	0	0	0
381	9.0	31.0	1	1	50000.0	1.0	1	0	1	0	0	0	0	1
382	3.0	24.0	0	0	180000.0	1.0	1	0	1	0	0	0	0	0
383	9.0	34.0	1	1	70000.0	1.0	1	0	1	1	0	1	0	0
384	5.0	34.0	1	0	120000.0	1.0	1	0	1	0	0	0	0	0
385	3.0	36.0	1	0	12000.0	0.0	0	0	1	0	0	0	0	0
386	1.0	38.0	0	0	15000.0	0.0	1	0	1	0	0	0	0	0
387	1.0	40.0	1	1	15000.0	0.0	1	0	1	0	0	0	0	0
388	6.0	29.0	1	0	130000.0	1.0	1	0	1	1	0	1	0	0
389	2.0	25.0	0	1	200000.0	1.0	1	0	1	0	0	0	1	0
390	5.0	23.0	0	0	130000.0	0.0	1	0	1	0	0	0	1	0
391	7.0	26.0	1	0	15000.0	1.0	1	0	1	1	1	1	0	0
392	10.0	34.0	1	0	150000.0	1.0	1	0	1	0	0	0	0	0
393	4.0	27.0	0	0	137445.0	1.0	1	0	1	0	0	0	0	0
394	14.0	40.0	1	0	91630.0	1.0	1	0	1	0	1	0	0	0
395	2.0	31.0	1	1	30000.0	0.0	1	0	1	0	0	1	0	0
396	9.0	32.0	1	0	170000.0	1.0	1	0	1	1	0	1	0	0
397	1.0	37.0	1	0	17000.0	0.0	1	0	1	0	0	0	0	0
398	7.0	39.0	1	1	180000.0	1.0	1	0	1	1	0	1	0	0
399	12.0	34.0	1	0	25000.0	1.0	1	0	1	1	1	1	0	0
400	3.0	23.0	0	0	200000.0	1.0	1	0	1	1	0	1	0	1
401	12.0		0	1	458150.0	1.0	1	0	1	1	0	1	0	0
402	17.0	39.0	1	0	130000.0	1.0	1	0	1	0	0	0	1	0
403	17.0	40.0	1	0	80000.0	1.0	1	0	1	0	0	1	0	0
404	19.0	45.0	1	0	40000.0	1.0	1	0	1	0	0	0	0	0
405	10.0	38.0	1	1	90000.0	0.0	1	0	1	0	0	0	0	1
406		32.0	1	1	40000.0	0.0	1	0	0	1	0	0	0	0
407	11.0	30.0	0	0	60000.0	1.0	1	0	1	0	0	0	0	0
408	7.0	31.0	0	1	300000.0	1.0	1	0	1	1	0	1	1	0
409	10.0	34.0	1	0	200000.0	1.0	1	0	1	1	0	1	0	1
410	3.0	27.0	0	0	220000.0	1.0	1	0	1	1	0	1	0	1
411	3.0	18.0	0	1	70000.0	1.0	1	0	1	0	0	0	1	0
412	8.0	30.0	0	1	25000.0	0.0	1	0	1	0	0	0	0	0
413	35.0	58.0	1	1	40000.0	1.0	1	0	1	0	0	0	1	0
414	1.0	25.0	0	0	20000.0	0.0	0	0	0	1	1	1	0	0
415	8.0	30.0	1	1	119119.0	1.0	1	0	1	0	0	0	0	1
416	37.0	70.0	1	0	20000.0	0.0	1	0	1	0	0	1	0	0
417	2.0	31.0	0	0	6000.0	0.0	1	0	1	0	0	0	0	0
418	9.0	36.0	1	0	50000.0	0.0	1	0	1	0	0	0	1	0
419	7.0	35.0	0	0	60000.0	0.0	1	0	1	0	0	0	1	0
420	25.0	49.0	1	0	250000.0	1.0	1	0	1	1	0	1	1	0
421	6.0	35.0	0	1	65000.0	1.0	1	0	1	1	0	0	0	0
422	11.0	37.0	1	1	180000.0	0.0	1	0	1	1	0	0	0	0
423	13.0	35.0	0	0	300000.0	1.0	1	0	1	1	0	1	0	1
424	1.0	38.0	1	0	40000.0	0.0	1	0	1	1	0	1	0	0
425	27.0	58.0	1	1	230000.0	1.0	1	0	1	0	0	0	1	0
426	23.0	39.0	1	0	70000.0	1.0	1	0	1	1	0	1	0	0
427	7.0	27.0	0	0	30000.0	0.0	1	0	1	0	0	0	0	0
428	13.0	35.0	1	1	10000.0	1.0	1	0	1	0	0	0	0	0
429	16.0	46.0	0	0	90000.0	0.0	1	0	1	0	0	0	0	0
430	1.0	23.0	0	1	100000.0	1.0	1	0	1	1	1	1	0	0
431	2.0	23.0	0	0	200000.0	1.0	0	0	1	0	0	0	1	0
432	1.0	35.0	1	1	30000.0	0.0	0	0	1	0	0	0	1	0
433	4.0	28.0	1	1	90000.0	0.0	1	0	1	0	0	0	0	0
434	2.0	33.0	1	0	20000.0	0.0	1	0	1	0	0	0	0	0
435	11.0	49.0	1	1	150000.0	1.0	1	0	1	0	0	0	0	0
436	12.0	45.0	1	0	20000.0	1.0	1	0	1	0	0	0	0	0
437	1.0	32.0	0	0	250000.0	0.0	1	0	1	0	0	0	1	0
438	8.0	33.0	0	0	25000.0	0.0	1	0	1	0	0	0	0	0
439	4.0	35.0	0	0	20000.0	0.0	0	0	1	0	0	0	1	0
440	3.0	31.0	0	0	180000.0	1.0	1	0	1	1	0	0	1	0
441	2.0	41.0	0	1	40000.0	0.0	1	0	1	0	0	0	1	0
442	3.0	29.0	0	0	260000.0	1.0	1	0	1	0	0	0	1	0
443	28.0	51.0	1	1	90000.0	1.0	1	0	1	0	0	0	0	0
444	16.0	37.0	1	0	100000.0	1.0	1	0	1	0	0	0	0	0
445	1.0	35.0	1	1	25000.0	0.0	1	0	1	0	0	0	0	0
446	7.0	36.0	1	0	240000.0	1.0	1	0	1	0	0	0	0	1
447	15.0	48.0	1	0	1000.0	1.0	1	0	0	1	1	0	1	0
448	12.0	32.0	0	1	250000.0	1.0	1	0	1	0	0	0	1	0
449		27.0	0	0	20000.0	0.0	1	0	1	0	1	1	0	0
450	10.0	39.0	1	1	15000.0	1.0	1	0	1	0	0	0	0	0
451	30.0	51.0	1	0	40000.0	1.0	1	0	1	0	0	0	0	0
452	1.0	24.0	0	0	50000.0	0.0	1	0	1	0	0	0	0	1
453	16.0	33.0	0	0	20000.0	1.0	1	0	1	1	0	1	0	0
454	20.0		0	0	20000.0	1.0	1	0	1	0	0	0	0	0
455	6.0	37.0	1	0	60000.0	0.0	1	0	1	0	0	0	1	0
456	6.0	29.0	0	0	160000.0	1.0	1	0	1	0	0	0	0	0
457	6.0	30.0	0	0	25000.0	1.0	1	0	1	0	0	0	0	0
458	2.0	23.0	0	1	60000.0	1.0	1	0	1	0	0	0	0	0
459	11.0	31.0	1	0	40000.0	1.0	0	0	1	0	0	0	1	0
460	13.0	33.0	0	0	200000.0	1.0	1	0	1	0	0	0	1	0
461	4.0	49.0	1	0	30000.0	0.0	1	0	1	0	0	0	0	0
462	11.0	44.0	0	1	180000.0	1.0	1	0	1	1	0	0	0	0
463	10.0	42.0	1	1	50000.0	0.0	1	0	1	0	0	1	0	0
464	13.0	34.0	1	0	40000.0	1.0	1	0	1	0	0	1	0	0
465	14.0	38.0	1	0	15000.0	1.0	1	0	1	0	0	0	0	1
466	3.0	36.0	1	1	25000.0	0.0	1	0	1	0	0	0	0	0
467	19.0	43.0	1	1	40000.0	1.0	1	0	1	0	0	1	0	0
468	16.0	39.0	1	0	15000.0	1.0	0	0	1	0	0	0	0	0
469	4.0	29.0	0	1	150000.0	1.0	1	0	1	1	0	0	1	0
470	20.0	41.0	1	0	30000.0	1.0	1	0	1	0	0	0	0	0
471	11.0	35.0	1	1	91630.0	1.0	1	0	1	1	0	1	0	0
472	15.0	38.0	1	0	35000.0	1.0	0	0	1	0	0	0	0	0
473	18.0	42.0	1	0	80000.0	1.0	1	0	1	0	0	0	1	0
474	10.0	31.0	1	0	60000.0	0.0	1	0	1	0	0	0	1	0
475	1.0	38.0	0	0	20000.0	0.0	1	0	1	0	1	0	0	0
476	22.0	50.0	1	0	87000.0	1.0	1	0	1	0	0	1	0	0
477	22.0	43.0	1	1	180000.0	1.0	1	0	1	1	0	1	1	0
478	10.0	34.0	0	0	10000.0	0.0	0	0	1	0	0	0	0	0
479	30.0	54.0	0	0	120000.0	0.0	1	0	1	1	1	1	0	0
480	3.0	26.0	0	0	40000.0	1.0	1	0	1	0	0	0	0	0
481	7.0	30.0	0	0	40000.0	1.0	1	0	1	0	0	0	0	0
482	12.0	36.0	0	0	30000.0	1.0	1	0	1	1	0	1	0	0
483	6.0	38.0	1	1	60000.0	0.0	1	0	1	1	1	1	1	0
484	17.0	38.0	1	0	25000.0	1.0	1	0	1	0	0	0	0	0
485	11.0	36.0	1	1	30000.0	1.0	1	0	1	0	0	0	0	0
486	12.0	37.0	1	1	150000.0	1.0	1	0	1	0	0	0	0	0
487	16.0	62.0	0	0	50000.0	1.0	1	0	1	0	0	0	0	0
488	24.0	45.0	1	1	200000.0	1.0	1	0	1	0	0	1	1	0
489	2.0	27.0	1	0	27489000.0	1.0	1	0	1	0	0	1	1	0
490	5.0	25.0	1	1	35000.0	1.0	1	0	1	0	0	0	0	0
491	10.0	46.0	0	0	120000.0	0.0	1	0	1	1	0	1	0	0
492	5.0	26.0	1	0	80000.0	1.0	1	0	1	0	0	0	1	0
493	15.0	37.0	1	0	20000.0	1.0	1	0	1	1	0	1	0	0
494	23.0	48.0	1	0	100000.0	1.0	1	0	1	0	0	0	1	0
495	10.0	35.0	0	1	100000.0	1.0	1	0	1	0	0	0	0	0
496	7.0	47.0	1	0	916300.0	1.0	1	0	0	1	0	0	0	0
497	4.0	33.0	1	0	25000.0	0.0	1	0	1	0	0	0	0	0
498	17.0	37.0	0	0	18000.0	1.0	0	0	1	0	0	0	0	0
499	10.0	32.0	1	0	150000.0	1.0	1	1	1	1	1	1	1	0
500	13.0	42.0	1	1	130000.0	0.0	1	0	1	1	0	1	0	0
501	11.0		1	0	100000.0	1.0	1	0	1	1	0	1	0	0
502	7.0	31.0	0	0	20000.0	0.0	1	0	1	0	0	0	0	0
503	4.0	28.0	1	0	30000.0	1.0	1	0	1	1	0	1	0	0
504	2.0	21.0	0	0	246825.0	1.0	1	0	1	0	0	1	0	0
505	8.0	29.0	0	1	180000.0	1.0	1	0	1	1	0	1	0	0
506	2.0	34.0	1	1	20000.0	0.0	1	0	1	0	0	0	0	0
507	9.0	31.0	1	1	130000.0	1.0	1	0	1	0	0	1	0	0
508	11.0	28.0	0	0	22000.0	1.0	1	1	1	1	1	1	0	0
509	21.0	64.0	1	0	40000.0	1.0	1	0	1	0	0	0	0	0
510	9.0	29.0	1	1	150000.0	1.0	1	0	1	0	0	0	1	0
511	7.0	30.0	0	0	15000.0	1.0	1	0	1	0	0	0	0	0
512	6.0	31.0	1	0	148095.0	1.0	1	0	0	1	0	1	1	0
513	12.0		0	0	449000.0	1.0	1	0	0	1	0	1	1	0
514	9.0	31.0	0	0	150000.0	1.0	1	0	1	0	0	0	0	0
515	12.0	50.0	1	1	400000.0	1.0	1	0	1	1	0	1	0	0
516	1.0	30.0	0	0	45000.0	0.0	1	0	1	0	0	0	0	0
517	22.0	53.0	1	0	80000.0	1.0	0	0	1	0	1	1	1	0
518	1.0	23.0	0	1	60000.0	0.0	1	0	1	0	0	0	0	0
519	4.0	25.0	0	0	65000.0	1.0	1	0	1	1	0	1	0	0
520	3.0		1	0	50000.0	1.0	1	0	1	0	0	0	0	0
521	11.0	35.0	1	1	230000.0	1.0	1	1	1	1	1	1	0	1
522	16.0	36.0	1	0	140000.0	1.0	1	0	1	0	0	0	1	0
523	5.0	30.0	0	0	200000.0	1.0	1	0	1	0	0	0	0	0
524	21.0	48.0	1	0	150000.0	1.0	1	0	1	0	0	0	0	0
525	14.0	35.0	1	0	35000.0	1.0	1	0	1	0	0	0	0	0
526	16.0	39.0	1	0	300000.0	1.0	1	0	1	0	0	1	0	0
527	22.0	53.0	1	1	100000.0	0.0	1	0	1	0	0	0	1	0
528	9.0	29.0	0	0	150000.0	1.0	1	0	1	0	0	0	0	0
529		35.0	0	0	70000.0	0.0	1	0	1	1	0	0	0	0
530	24.0	75.0	1	0	30000.0	1.0	1	0	1	0	0	0	1	0
531	4.0	35.0	0	0	80000.0	0.0	1	0	1	0	0	0	0	0
532	1.0	26.0	0	0	100000.0	1.0	1	0	1	0	0	0	0	1
533	2.0	37.0	1	0	30000.0	0.0	1	0	1	0	0	0	1	0
534	5.0	24.0	0	1	150000.0	1.0	1	0	1	1	0	0	0	0
535	37.0	62.0	1	0	120000.0	1.0	1	0	1	1	0	1	0	0
536	4.0	24.0	0	0	80000.0	1.0	1	0	1	0	0	0	0	1
537	17.0	38.0	1	0	200000.0	1.0	1	0	1	0	0	0	1	0
538	6.0	23.0	1	0	45000.0	1.0	1	0	1	1	1	1	0	0
539	1.0	35.0	1	0	25000.0	0.0	1	0	1	0	0	0	0	0
540	4.0	25.0	0	0	40000.0	1.0	1	0	1	0	0	0	0	0
541	4.0	28.0	0	0	15000.0	0.0	0	0	1	0	1	1	0	0
542		32.0	0	0	25000.0	0.0	1	0	1	0	0	0	0	0
543	6.0	47.0	0	0	50000.0	1.0	1	0	1	1	1	1	1	0
544	15.0	37.0	1	1	50000.0	1.0	1	0	1	0	0	0	0	1
545	4.0	46.0	1	1	30000.0	0.0	0	0	1	0	0	0	1	0
546	4.0	34.0	1	0	50000.0	0.0	1	0	1	0	0	0	0	1
547	6.0	28.0	0	0	25000.0	1.0	1	0	1	0	0	0	0	0
548	31.0	53.0	1	1	60000.0	1.0	1	0	1	0	0	0	1	0
549	8.0	27.0	0	0	25000.0	1.0	1	0	1	1	1	0	0	0
550	8.0	30.0	1	0	150000.0	1.0	0	0	1	0	0	1	0	1
551	6.0	25.0	0	0	150000.0	1.0	1	0	1	0	0	0	0	0
552	3.0	47.0	0	0	50000.0	1.0	1	0	1	1	1	1	0	0
553	25.0	47.0	1	1	90000.0	1.0	1	0	1	0	0	0	0	0
554	10.0	65.0	1	1	90000.0	0.0	1	0	1	0	0	0	1	0
555	11.0	20.0	0	0	45815.0	0.0	1	0	1	0	0	0	0	0
556	11.0	54.0	0	0	60000.0	0.0	1	0	1	0	0	0	0	1
557	4.0	24.0	1	1	140000.0	1.0	1	0	1	0	0	0	0	0
558	8.0	30.0	0	0	80000.0	1.0	1	0	1	0	0	0	1	0
559	4.0	29.0	0	0	137445.0	1.0	1	0	1	0	0	0	1	0
560	15.0	40.0	1	1	80000.0	1.0	1	0	1	0	0	0	0	1
561	8.0	46.0	1	0	40000.0	0.0	1	0	1	0	0	0	1	0
562	3.0	24.0	0	0	80000.0	1.0	1	0	1	0	0	1	0	0
563	9.0	30.0	0	0	180000.0	1.0	1	0	1	0	0	0	0	0
564	4.0	65.0	0	0	70000.0	0.0	1	0	1	0	0	0	0	0
565	5.0	31.0	0	0	70000.0	1.0	1	1	1	1	1	1	0	0
566	31.0	54.0	1	0	80000.0	1.0	1	0	1	0	0	0	1	0
567	2.0	36.0	0	0	20000.0	0.0	1	0	0	1	0	1	0	0
568	16.0	39.0	0	1	1.0	1.0	1	0	1	1	0	1	0	0
569	8.0	42.0	0	1	50000.0	0.0	1	0	1	1	0	1	0	0
570	4.0	34.0	0	1	70000.0	0.0	1	0	1	0	0	0	0	0
571	34.0	55.0	1	0	350000.0	1.0	1	0	1	0	0	0	1	0
572	3.0	28.0	0	0	25000.0	0.0	1	0	1	0	0	0	0	0
573	7.0	24.0	0	1	80000.0	1.0	1	0	1	1	1	1	1	0
574		31.0	0	0	50000.0	0.0	1	0	1	0	0	0	0	0
575	6.0	42.0	0	0	20000.0	0.0	1	0	1	0	0	0	1	0
576	2.0	33.0	1	1	15000.0	0.0	1	0	1	1	0	1	0	0
577	3.0	22.0	0	0	25000.0	0.0	1	0	1	0	0	0	0	0
578	15.0	39.0	1	0	35000.0	1.0	1	0	1	0	0	0	0	0
579	18.0	35.0	1	1	25000.0	1.0	1	0	1	0	0	0	0	0
580	2.0	37.0	0	0	60000.0	1.0	1	0	1	0	0	0	0	0
581	14.0	37.0	1	0	60000.0	1.0	1	0	1	0	0	0	0	0
582	8.0	42.0	0	0	100000.0	1.0	1	0	1	1	1	1	0	0
583	12.0	38.0	0	0	45000.0	0.0	1	0	1	1	1	1	0	0
584		26.0	0	0	30000.0	0.0	1	0	1	0	0	0	0	0
585	4.0	26.0	0	0	50000.0	0.0	1	0	1	1	1	1	0	0
586	8.0	30.0	0	0	80000.0	1.0	1	0	1	0	0	1	0	0
587	35.0	59.0	1	0	180000.0	1.0	1	0	1	1	0	1	0	0
588	4.0	29.0	0	0	40000.0	1.0	1	0	1	0	0	0	0	0
589	8.0	36.0	0	0	30000.0	0.0	1	0	1	0	0	0	0	0
590	7.0	39.0	1	0	25000.0	0.0	0	0	0	1	0	1	0	0
591	20.0	42.0	1	0	25000.0	1.0	1	0	1	0	0	0	0	0
592	3.0	25.0	0	0	140000.0	1.0	1	0	1	0	0	1	0	1
593	7.0	29.0	1	0	70000.0	1.0	1	0	0	1	1	1	0	0
594	4.0	28.0	0	1	170000.0	1.0	0	0	1	0	0	0	0	1
595	4.0	32.0	0	1	60000.0	0.0	1	0	1	1	0	1	0	0
596	6.0	27.0	0	0	10000.0	1.0	0	0	1	0	0	0	0	0
597	18.0	55.0	1	0	15000.0	1.0	0	0	1	0	0	0	0	0
598	26.0	65.0	1	0	60000.0	0.0	1	0	1	0	0	0	1	0
599	16.0	39.0	1	0	50000.0	1.0	1	0	1	0	0	0	0	0
600	4.0	30.0	0	0	15000.0	0.0	1	0	0	1	1	1	1	0
601	14.0	37.0	0	1	70000.0	1.0	1	0	1	0	0	1	0	0
602	20.0	41.0	1	0	150000.0	1.0	1	0	1	0	0	0	0	0
603	3.0	32.0	1	0	16000.0	0.0	1	0	1	0	0	0	0	0
604	22.0	44.0	0	1	50000.0	1.0	1	0	1	1	0	1	0	1
605	17.0	43.0	0	1	90000.0	1.0	1	0	1	0	0	1	0	1
606	4.0	34.0	0	0	230000.0	1.0	1	0	1	1	0	1	0	0
607	3.0	28.0	0	0	250000.0	1.0	1	0	1	0	0	0	0	1
608		40.0	1	1	40000.0	0.0	1	0	1	0	0	0	0	0
609	18.0	43.0	0	0	70000.0	1.0	1	0	1	0	0	0	1	0
610	9.0	37.0	1	0	100000.0	1.0	1	0	1	0	0	0	0	0
611	6.0	28.0	0	0	25000.0	1.0	0	0	1	0	0	0	0	0
612	10.0	35.0	1	1	260000.0	1.0	1	0	1	0	0	0	1	0
613	31.0	64.0	1	0	70000.0	0.0	1	0	1	0	0	0	1	0
614	15.0	42.0	0	1	150000.0	1.0	1	0	1	0	0	1	0	0
615	6.0	26.0	0	0	54978.0	1.0	1	0	1	1	0	1	0	0
616	4.0	29.0	0	0	15000.0	0.0	1	0	1	0	0	0	0	0
617	6.0	22.0	0	1	15000.0	0.0	1	0	0	1	1	1	0	0
618	36.0	55.0	1	1	60000.0	1.0	1	0	1	1	0	1	0	0
619	12.0	37.0	0	1	250000.0	1.0	1	0	1	1	0	1	0	1
620	41.0	64.0	1	0	80000.0	1.0	1	0	1	0	0	0	0	1
621	42.0	62.0	1	1	30000.0	1.0	0	0	0	0	0	1	0	0
622	2.0	24.0	0	0	180000.0	1.0	0	0	1	0	0	0	0	1
623	14.0	45.0	1	0	90000.0	1.0	1	0	1	0	0	1	0	0
624	7.0	31.0	0	0	30000.0	0.0	1	0	1	0	0	1	0	0
625	25.0	54.0	1	1	60000.0	0.0	1	0	1	1	0	1	0	0
626	21.0	48.0	1	0	110000.0	1.0	1	0	1	0	0	0	0	0
627	8.0	47.0	1	0	50000.0	0.0	1	0	1	0	0	0	1	0
628	2.0	28.0	0	0	30000.0	0.0	1	0	1	1	1	1	1	0
629		29.0	0	0	20000.0	0.0	1	0	1	0	0	0	0	0
630	7.0	28.0	1	0	120000.0	1.0	1	0	1	0	0	0	0	0
631	4.0	28.0	0	0	25000.0	0.0	1	0	1	0	0	0	0	0
632	7.0		0	1	55000.0	0.0	1	0	1	1	1	0	0	0
633	13.0	35.0	1	1	150000.0	1.0	1	0	1	0	0	1	0	0
634	16.0	40.0	0	0	60000.0	1.0	1	0	1	0	0	0	0	0
635	6.0	43.0	1	1	130000.0	0.0	1	0	1	1	0	1	0	1
636	5.0	27.0	0	1	90000.0	1.0	1	0	1	0	0	0	0	1
637	1.0	29.0	0	0	50000.0	0.0	1	1	1	1	1	1	1	0
638	2.0	32.0	0	0	25000.0	0.0	1	0	1	0	0	0	0	0
639		29.0	0	0	25000.0	0.0	1	0	1	0	0	0	0	0
640	6.0	31.0	0	0	40000.0	1.0	1	0	1	1	1	1	0	0
641	8.0	31.0	1	0	20000.0	1.0	1	0	1	0	0	0	0	0
642	1.0	31.0	0	0	23000.0	0.0	1	0	0	0	1	1	0	0
643	21.0	43.0	1	0	60000.0	1.0	1	0	1	0	0	0	0	1
644	2.0	29.0	0	0	160000.0	0.0	1	0	1	0	0	0	1	0
645	2.0	41.0	0	0	30000.0	0.0	1	0	1	0	0	0	1	0
646	16.0	38.0	1	0	91630.0	1.0	1	0	1	0	0	0	0	0
647	16.0	35.0	0	1	50000.0	1.0	1	0	1	0	0	1	0	0
648	6.0	44.0	1	0	350000.0	0.0	1	0	1	0	0	0	1	0
649	17.0	37.0	1	0	85000.0	1.0	0	0	1	0	0	0	0	0
650	11.0	35.0	1	1	200000.0	1.0	1	0	1	0	0	0	0	0
651	10.0	38.0	0	0	60000.0	0.0	1	0	1	0	0	0	1	0
652	17.0	36.0	1	1	25000.0	1.0	0	0	1	0	0	0	0	0
653	22.0	47.0	1	0	350000.0	1.0	1	0	1	1	0	1	1	0
654	1.0	26.0	1	0	50000.0	0.0	1	0	1	0	0	0	0	0
655	19.0	44.0	1	0	40000.0	1.0	1	0	1	0	0	0	0	0
656	3.0	34.0	1	1	20000.0	0.0	1	0	1	0	0	0	0	0
657		26.0	0	1	50000.0	0.0	1	0	1	0	0	0	0	0
658	7.0	36.0	1	0	9163000.0	0.0	1	0	1	0	0	0	0	0
659	11.0	32.0	0	0	100000.0	1.0	1	0	0	0	0	1	1	0
660	11.0	28.0	0	0	150000.0	1.0	1	0	1	0	0	1	1	0
661	15.0	39.0	1	1	200000.0	1.0	0	0	1	1	0	0	1	0
662	16.0	41.0	1	0	120000.0	1.0	1	0	1	1	1	1	0	0
663		33.0	0	1	15000.0	0.0	1	0	1	0	0	0	0	0
664	9.0	35.0	1	0	50000.0	0.0	1	0	1	1	0	1	0	0
665	23.0	52.0	1	0	50000.0	0.0	1	0	1	0	0	0	0	0
666	15.0	35.0	1	0	75000.0	1.0	1	1	1	1	0	1	0	0
667	5.0	26.0	1	0	50000.0	1.0	1	0	1	0	0	0	0	0
668	17.0	35.0	1	0	300000.0	1.0	1	0	1	0	0	0	0	0
669	12.0	33.0	1	0	130000.0	1.0	1	0	1	0	0	0	1	0
670	4.0	25.0	0	0	50000.0	1.0	1	0	1	0	0	0	0	0
671	3.0	34.0	1	0	200000.0	1.0	1	0	1	0	0	0	0	0
672	5.0	36.0	1	1	40000.0	0.0	1	0	1	0	0	0	1	0
673	23.0	44.0	0	0	65536.0	1.0	1	0	1	0	1	1	0	0
674	9.0	22.0	0	0	50000.0	0.0	1	0	1	1	0	0	0	0
675		29.0	0	0	15000.0	0.0	1	0	1	0	0	0	0	0
676	5.0	27.0	0	0	100000.0	1.0	1	0	1	1	0	1	0	0
677	8.0	28.0	0	0	170000.0	1.0	1	0	1	0	0	0	0	0
678	32.0	62.0	1	1	30000.0	0.0	1	0	1	0	0	0	0	0
679	3.0	23.0	0	0	30000.0	1.0	1	0	1	0	1	1	0	0
680	8.0	29.0	0	0	250000.0	1.0	1	0	1	0	0	0	1	0
681	17.0	42.0	0	0	200000.0	1.0	1	0	1	0	0	0	1	0
682	13.0	32.0	0	1	100000.0	1.0	1	0	0	1	0	1	0	1
683	12.0	34.0	1	1	55000.0	1.0	1	0	1	1	0	1	0	0
684	10.0	32.0	1	0	200000.0	1.0	0	0	1	0	0	0	1	0
685	30.0	58.0	0	1	50000.0	0.0	1	0	1	0	0	0	0	0
686	8.0	28.0	0	0	25000.0	1.0	1	0	1	0	1	0	0	0
687	39.0	66.0	1	1	50000.0	1.0	1	0	0	0	0	1	0	1
688		34.0	0	0	20000.0	0.0	1	0	1	0	0	0	0	0
689	4.0	28.0	0	0	90000.0	1.0	1	0	1	1	1	1	0	0
690	12.0	34.0	1	0	150000.0	1.0	1	0	1	0	0	1	0	0
691	20.0	25.0	1	1	170000.0	1.0	1	0	1	0	0	0	1	0
692	13.0	35.0	1	0	20000.0	0.0	0	0	0	0	0	1	0	0
693	17.0	34.0	1	1	10000.0	1.0	1	0	1	0	0	0	1	0
694	20.0	40.0	1	0	458150.0	1.0	1	0	1	0	0	0	0	0
695	3.0	22.0	1	0	250000.0	1.0	1	0	1	0	0	1	1	0
696	5.0	24.0	0	0	40000.0	1.0	1	0	1	1	0	1	0	0
697	21.0	50.0	1	0	30000.0	1.0	1	0	1	0	0	0	1	0
698	6.0	34.0	0	0	300000.0	1.0	1	0	1	0	0	0	0	0
699	7.0	35.0	0	0	100000.0	1.0	1	0	1	1	0	1	0	0
700	13.0	40.0	1	1	80000.0	1.0	1	0	1	1	1	1	1	0
701	1.0	26.0	0	0	80000.0	0.0	1	0	1	0	0	1	1	0
702	19.0	39.0	1	1	70000.0	1.0	1	0	0	1	0	1	0	0
703	22.0	52.0	1	0	25000.0	1.0	1	0	1	0	0	0	0	0
704	5.0	29.0	0	0	120000.0	1.0	1	0	1	0	0	0	0	0
705	4.0	30.0	0	0	30000.0	0.0	1	0	1	0	0	0	0	0
706	2.0	23.0	0	0	100000.0	1.0	1	0	1	0	0	0	1	0
707	26.0	49.0	1	1	80000.0	1.0	1	0	1	0	0	0	1	0
708	13.0	38.0	1	0	50000.0	1.0	1	0	1	0	1	1	0	0
709	14.0	33.0	0	0	100000.0	1.0	1	0	1	0	0	1	0	0
710	10.0	28.0	0	0	50000.0	1.0	1	0	1	1	0	1	0	0
711	9.0	32.0	1	0	40000.0	1.0	1	0	1	0	0	0	0	1
712	10.0	35.0	1	1	30000.0	1.0	1	0	1	0	0	0	0	0
713	30.0	50.0	0	0	250000.0	1.0	1	0	1	0	0	0	1	0
714	20.0	41.0	0	0	200000.0	1.0	1	0	1	0	0	0	1	0
715	5.0	31.0	1	1	35000.0	0.0	1	0	1	0	0	0	1	0
716	25.0	44.0	1	0	274890.0	1.0	1	0	1	0	0	1	0	0
717	4.0	29.0	0	0	150000.0	0.0	1	0	1	0	0	0	0	0
718	5.0	32.0	1	0	40000.0	0.0	1	0	1	0	0	0	0	0
719	9.0	33.0	1	0	300000.0	0.0	1	0	1	0	0	0	1	0
720	5.0	30.0	1	0	200000.0	1.0	1	0	1	0	0	0	0	0
721	19.0	46.0	1	1	100000.0	1.0	1	0	1	1	0	1	0	0
722	8.0	28.0	0	0	15000.0	1.0	1	0	1	1	0	1	0	0
723	5.0	29.0	0	0	60000.0	1.0	1	0	1	1	0	0	0	0
724	17.0	47.0	1	1	50000.0	0.0	1	0	1	0	0	1	0	0
725	3.0	25.0	0	0	100000.0	1.0	1	0	1	0	0	0	0	0
726	16.0	41.0	1	0	170000.0	1.0	1	0	1	1	0	1	0	0
727		26.0	0	0	20000.0	0.0	0	0	1	0	0	0	0	0
728	5.0	29.0	1	0	250000.0	1.0	1	0	1	1	1	1	0	1
729	26.0	50.0	0	0	250000.0	1.0	1	0	1	0	0	0	0	0
730	3.0	28.0	1	1	140000.0	0.0	1	0	1	0	0	0	1	0
731	2.0	23.0	0	1	45000.0	0.0	1	0	1	0	1	1	0	0
732	13.0	33.0	0	0	50000.0	1.0	1	0	1	0	0	0	0	1
733	10.0	33.0	1	0	40000.0	1.0	0	0	1	0	0	1	0	0
734	10.0	30.0	1	0	20000.0	1.0	1	0	1	1	0	1	0	0
735		31.0	0	0	27000.0	0.0	1	0	1	0	0	0	0	0
736		41.0	0	0	8000.0		1	0	1	0	0	0	0	0
737	16.0	38.0	0	0	35000.0	1.0	0	0	1	0	0	0	1	0
738		39.0	0	0	25000.0		1	0	1	0	0	0	0	0
739	14.0	33.0	1	0	50000.0	1.0	0	0	1	0	0	0	0	0
740		23.0	0	0	25000.0	0.0	1	0	1	0	0	0	0	0
741	13.0	35.0	1	0	130000.0	1.0	1	0	1	0	0	0	0	0
742	5.0	29.0	0	0	70000.0	1.0	1	0	1	0	0	0	0	0
743	34.0	65.0	1	0	70000.0	0.0	1	0	1	0	0	0	1	0
744		34.0	0	0	20000.0		1	0	1	0	0	0	1	0
745		40.0	1	0	35000.0	0.0	1	0	1	0	0	0	0	0
746	6.0	27.0	0	0	60000.0	1.0	1	0	1	0	0	1	0	1
747		30.0	1	0	35000.0	0.0	1	0	1	0	0	1	0	0
748	19.0	44.0	1	1	40000.0	0.0	1	0	1	0	0	0	0	0
749	14.0	36.0	0	0	80000.0	1.0	1	0	1	0	0	0	0	0
750	6.0	28.0	1	0	100000.0	1.0	1	0	1	0	0	0	0	0
751	14.0	37.0	1	0	120000.0	1.0	1	0	1	0	0	0	1	0
752		33.0	0	0	15000.0		1	0	1	0	0	0	0	0
753		35.0	0	0	7000.0		1	0	1	0	0	0	0	1
754		34.0	0	0	17000.0	0.0	1	0	1	0	0	0	0	1
755		40.0	0	0	30000.0		1	0	1	0	0	0	0	0
756	11.0	34.0	0	0	120000.0	1.0	1	0	1	0	0	1	0	0
757	8.0	24.0	0	0	25000.0	0.0	1	0	1	0	0	0	0	0
758	40.0	64.0	1	1	55000.0	1.0	0	0	1	0	0	0	1	0
759	4.0	25.0	0	1	50000.0	1.0	1	0	1	0	0	1	0	0
760	18.0	61.0	1	0	10000.0	1.0	1	0	1	0	0	0	0	1
761	10.0	30.0	1	0	350000.0	1.0	1	1	1	1	1	1	1	0
762	7.0	26.0	0	0	50000.0	1.0	1	0	1	0	0	0	0	0
763	23.0	47.0	1	0	40000.0	1.0	1	0	1	0	0	0	1	0
764	14.0	38.0	1	0	250000.0	1.0	1	0	1	0	0	0	0	1
765	10.0	67.0	0	0	20000.0	0.0	1	0	1	0	0	0	0	0
766	5.0	22.0	0	0	450000.0	1.0	1	0	1	1	0	1	1	0
767	12.0	29.0	0	1	40000.0	1.0	1	0	1	1	0	1	0	0
768	4.0	30.0	1	0	15000.0	0.0	1	0	1	0	0	0	0	0
769		30.0	0	0	20000.0		1	0	0	1	0	0	0	0
770		32.0	0	0	25000.0	0.0	1	0	1	0	0	0	1	0
771	18.0	58.0	0	0	120000.0	1.0	1	0	1	0	0	0	1	0
772		35.0	0	0	10000.0		0	0	1	0	0	0	0	0
773	3.0	25.0	0	0	40000.0	1.0	1	0	1	0	0	0	0	0
774	22.0	44.0	1	0	60000.0	1.0	1	0	1	0	0	0	1	0
775	19.0		1	1	100000.0	1.0	1	1	1	1	0	1	0	0
776	3.0	35.0	1	0	100000.0	1.0	1	0	1	1	0	0	0	0
777	6.0	28.0	0	0	200000.0	0.0	1	0	1	0	0	0	0	0
778		44.0	1	0	60000.0	0.0	1	0	1	0	0	0	0	0
779	6.0	32.0	1	1	25000.0	0.0	1	0	1	0	0	0	0	0
780		34.0	0	0	10000.0	0.0	0	0	1	0	0	0	1	0
781	3.0	29.0	0	0	30000.0	0.0	1	0	1	0	0	0	0	0
782	7.0	32.0	1	0	50000.0	0.0	1	0	1	0	0	0	0	0
783	22.0	45.0	1	0	150000.0	1.0	1	0	1	0	0	0	0	1
784	3.0		0	0	150000.0	1.0	1	0	1	0	0	0	0	0
785	12.0	32.0	1	1	50000.0	1.0	1	0	1	1	0	1	0	0
786	3.0	27.0	1	1	150000.0	0.0	1	0	1	0	0	0	0	0
787	18.0	37.0	1	0	200000.0	1.0	1	0	0	0	0	1	0	0
788		22.0	0	0	20000.0	0.0	1	0	1	0	0	0	0	0
789	9.0	30.0	1	0	300000.0	1.0	1	0	1	0	0	0	1	0
790	3.0	25.0	0	0	11911900.0	1.0	1	0	0	1	0	1	0	0
791	6.0	26.0	0	0	150000.0	1.0	1	0	1	0	0	0	1	0
792	14.0	37.0	1	0	90000.0	1.0	1	0	0	1	0	1	0	0
793	15.0	40.0	1	0	80000.0	1.0	1	0	1	1	1	1	0	0
794	8.0	29.0	0	1	200000.0	1.0	1	0	1	0	0	1	0	0
795	14.0	35.0	1	1	366520.0	1.0	1	0	1	1	0	1	0	0
796	7.0	26.0	0	0	150000.0	1.0	1	0	0	1	0	1	0	0
797	10.0	35.0	1	1	170000.0	1.0	1	0	1	1	1	1	0	1
798	3.0	39.0	1	0	70000.0	1.0	1	0	1	0	0	0	0	0
799		32.0	0	0	20000.0	0.0	1	0	1	0	0	0	0	0
800		35.0	0	0	20000.0		1	0	1	0	0	0	1	0
801	17.0	35.0	0	0	20000.0	1.0	1	0	1	0	0	0	1	0
802	10.0	67.0	1	0	70000.0	0.0	1	0	1	0	0	0	0	0
803	2.0	32.0	1	1	60000.0	0.0	1	0	0	1	0	0	1	0
804	11.0	35.0	1	1	25000.0	1.0	1	0	1	0	0	0	0	1
805		30.0	1	0	30000.0	0.0	1	0	1	0	0	0	0	0
806	4.0		0	0	50000.0	1.0	1	0	1	0	0	0	1	0
807	5.0	34.0	1	0	40000.0	0.0	1	0	1	0	0	0	0	0
808	17.0		0	1	50000.0	1.0	1	0	1	0	0	0	1	0
809		28.0	0	0	3000.0	0.0	1	0	0	1	0	0	1	0
810		24.0	0	0	15000.0		1	0	1	0	0	1	0	0
811	6.0	32.0	0	0	17000.0	0.0	1	0	1	0	0	0	0	0
812	9.0	46.0	1	0	30000.0	0.0	1	0	1	0	0	0	1	0
813	13.0	36.0	1	0	15000.0	1.0	0	0	1	0	1	1	1	0
814		42.0	0	0	15.0		1	0	1	0	0	0	0	0
815	7.0	29.0	1	0	220000.0	1.0	1	0	1	0	0	0	0	0
816	26.0	47.0	1	0	125000.0	1.0	1	0	1	0	0	0	1	0
817	17.0	39.0	1	1	100000.0	1.0	1	0	1	0	0	0	0	0
818	3.0	23.0	0	0	250000.0	1.0	1	0	1	0	0	0	0	0
819	25.0	48.0	1	1	70000.0	1.0	1	0	1	0	0	0	0	0
820	25.0	56.0	1	0	90000.0	1.0	1	0	1	1	0	1	0	0
821	8.0	39.0	0	1	40000.0	0.0	1	0	1	0	0	1	0	0
822	3.0	22.0	0	0	150000.0	0.0	1	0	1	0	0	1	0	0
823	6.0	26.0	0	0	137445.0	1.0	1	0	1	1	0	1	0	0
824		31.0	0	0	40000.0	0.0	1	0	1	0	0	0	1	0
825	6.0	28.0	1	0	70000.0	1.0	0	0	1	0	0	1	0	0
826		32.0	0	0	30000.0	0.0	1	0	1	0	0	0	1	0
827		24.0	0	0	50000.0	0.0	1	0	0	0	0	1	0	0
828		43.0	0	0	20000.0		0	0	1	0	0	0	0	0
829		25.0	0	1	20000.0		1	0	1	0	0	0	0	0
830	16.0		1	0	250000.0	1.0	1	0	1	0	0	1	0	0
831	4.0	31.0	0	0	20000.0	0.0	1	0	1	0	0	0	0	0
832	22.0	47.0	1	1	90000.0	1.0	1	0	1	0	0	1	0	1
833	2.0	21.0	0	0	80000.0	1.0	1	0	1	0	0	0	0	0
834	5.0	34.0	1	1	60000.0	1.0	1	0	1	0	0	0	1	0
835	6.0	23.0	1	0	1832600.0	1.0	1	0	0	1	0	1	0	0
836	5.0	24.0	0	0	40000.0	1.0	1	0	1	0	0	0	0	0
837	2.0	24.0	0	1	27489.0	0.0	1	0	1	1	1	1	0	0
838	19.0	67.0	1	1	20000.0	0.0	1	0	1	0	0	0	0	0
839		67.0	1	0	40000.0	0.0	1	0	1	0	0	0	1	0
840		27.0	0	0	20000.0	0.0	1	0	1	0	0	0	0	1
841	20.0	43.0	0	0	30000.0	1.0	1	0	0	0	0	1	0	0
842	4.0	29.0	1	0	30000.0	0.0	1	0	1	0	0	0	0	0
843	1.0	30.0	1	0	70000.0	0.0	1	0	1	0	0	0	0	0
844	25.0	44.0	1	1	70000.0	1.0	1	0	1	0	0	0	0	0
845	24.0	49.0	1	0	20000.0	1.0	1	0	1	0	0	0	0	0
846	3.0	34.0	1	0	20000.0	0.0	1	0	1	0	0	0	0	0
847	16.0	37.0	1	0	100000.0	1.0	0	0	1	0	0	0	1	0
848	3.0	31.0	0	0	25000.0	0.0	1	0	1	0	0	0	0	0
849	3.0	25.0	0	0	60000.0	0.0	1	0	1	0	0	0	0	0
850	11.0	34.0	1	0	35000.0	1.0	1	0	1	0	0	0	0	0
851	9.0	34.0	0	0	40000.0	1.0	1	0	1	0	0	1	0	0
852	8.0	33.0	0	0	60000.0	1.0	1	0	1	0	0	0	1	0
853	18.0	39.0	0	1	250000.0	1.0	1	0	1	1	0	1	0	0
854		29.0	0	0	30000.0	0.0	0	0	1	0	0	0	1	0
855		34.0	1	0	30000.0	0.0	1	0	1	0	0	0	0	0
856	1.0	39.0	0	0	45815.0	0.0	1	0	1	0	0	0	1	0
857	9.0	40.0	0	0	150000.0	1.0	1	0	1	1	0	1	0	0
858		21.0	0	0	35000.0	0.0	1	0	1	0	1	1	0	0
859	11.0	31.0	0	0	1000000.0	0.0	1	0	1	0	0	0	1	0
860		31.0	0	0	25000.0	0.0	1	0	1	0	0	0	0	0
861		25.0	0	0	50000.0	0.0	1	1	1	1	0	1	0	0
862	3.0	38.0	1	0	20000.0	0.0	1	0	1	0	0	0	1	0
863		29.0	0	0	50000.0	0.0	1	0	1	1	1	1	1	0
864	1.0	37.0	0	0	80000.0	0.0	1	0	1	0	0	0	1	0
865	5.0	29.0	0	0	183260.0	1.0	1	0	1	1	1	0	0	0
866	11.0	35.0	0	0	500000.0	1.0	1	0	1	0	0	0	1	0
867	10.0	34.0	1	0	60000.0	1.0	1	0	0	1	0	1	0	0
868	2.0	39.0	1	0	35000.0	0.0	1	0	1	0	0	0	1	0
869		28.0	0	0	15000.0	0.0	0	0	1	0	0	0	0	0
870	1.0	29.0	0	0	30000.0	0.0	1	0	1	0	0	1	0	0
871	2.0	39.0	1	0	10000.0	0.0	1	0	1	0	0	0	0	0
872	1.0	40.0	1	0	25000.0	0.0	1	0	1	0	0	0	0	1
873		39.0	0	0	35000.0	0.0	1	0	1	0	0	0	0	0
874	12.0	38.0	1	1	30000.0	1.0	0	0	1	0	0	0	0	1
875	9.0	36.0	0	0	60000.0	0.0	1	0	1	1	0	1	0	0
876	7.0	26.0	1	0	91630.0	1.0	1	0	1	0	0	0	1	0
877	20.0	44.0	1	1	60000.0	1.0	1	0	0	0	0	1	1	0
878	10.0	32.0	0	0	12000.0	0.0	1	0	1	0	0	0	0	0
879	6.0	24.0	0	0	17000.0	1.0	1	0	0	0	0	1	0	0
880	6.0	26.0	0	0	45000.0	0.0	1	0	1	0	0	0	1	0
881	17.0	38.0	1	0	30000.0	1.0	0	0	1	0	0	0	1	0
882	3.0	35.0	0	0	200000.0	1.0	1	1	1	1	1	1	1	0
883		34.0	1	0	20000.0	0.0	1	0	1	0	1	1	0	0
884		25.0	0	0	40000.0		1	0	0	1	0	0	0	0
885		27.0	0	0	30000.0	0.0	0	0	1	0	0	1	0	0
886		23.0	0	0	20000.0		1	0	1	1	0	0	0	0
887	30.0	52.0	1	0	40000.0	1.0	0	0	0	1	0	0	0	0
888		27.0	0	0	20000.0	0.0	1	0	1	0	0	0	0	0
889		20.0	0	0	20000.0		1	0	1	0	0	0	0	0
890	7.0	31.0	0	0	15000.0	0.0	1	0	1	0	0	0	1	0
891	36.0	58.0	1	0	60000.0	1.0	0	0	0	1	0	1	0	1
892	1.0	24.0	0	0	40000.0	0.0	0	0	1	0	0	1	0	0
893	4.0	27.0	0	0	25000.0	1.0	1	0	1	0	0	0	0	0
894	4.0	24.0	0	1	30000.0	0.0	0	0	0	0	1	0	0	0
895		22.0	0	0	20000.0	0.0	1	0	1	0	0	0	0	0
896	7.0	20.0	0	0	80000.0	0.0	1	0	1	1	1	1	0	0
897	14.0	36.0	1	0	20000.0	1.0	1	0	1	0	0	0	0	0
898		28.0	0	1	20000.0	0.0	1	0	0	0	0	1	0	0
899		32.0	1	0	20000.0	0.0	1	0	1	1	1	1	0	0
900	3.0	23.0	0	1	100000.0	1.0	1	0	0	1	1	1	0	0
901	7.0	28.0	0	0	70000.0	1.0	1	0	1	0	0	1	0	0
902	2.0	22.0	0	0	120000.0	1.0	1	0	1	0	0	1	0	1
903	3.0	34.0	1	0	73304.0	0.0	1	0	1	0	0	0	0	0
904		35.0	1	0	15000.0	0.0	0	0	0	0	0	1	0	0
905	10.0	42.0	0	1	120000.0	0.0	1	0	1	0	0	0	0	0
906		33.0	1	0	18000.0	0.0	1	0	1	0	0	0	0	0
907	1.0		1	0	80000.0	0.0	1	0	1	0	0	0	0	1
908		32.0	0	1	20000.0	0.0	1	0	1	0	0	0	0	0
909	1.0	25.0	0	0	50000.0	0.0	1	0	1	0	0	0	0	0
910	5.0	22.0	0	0	40000.0	0.0	1	0	1	1	1	1	0	0
911	37.0	57.0	1	0	50000.0	1.0	0	0	1	0	0	0	0	0
912	20.0	42.0	1	0	150000.0	1.0	1	0	1	0	0	0	0	0
913	10.0	27.0	0	0	54978.0	1.0	1	0	1	0	0	0	0	0
914	20.0	38.0	1	0	100000.0	1.0	1	0	1	0	0	0	0	0
915	9.0	30.0	1	0	300000.0	1.0	1	0	1	0	0	0	1	0
916	1.0	35.0	1	0	35000.0	0.0	1	0	1	0	0	0	1	0
917	14.0	34.0	1	0	15000.0	1.0	0	0	1	0	0	0	0	1
918	3.0	34.0	1	0	20000.0	0.0	1	0	1	0	0	0	0	0
919	1.0	33.0	1	1	25000.0	0.0	0	0	1	0	0	0	0	0
920		36.0	0	1	15000.0	0.0	1	0	1	0	0	0	0	0
921		33.0	0	0	8000.0		1	0	1	0	0	0	0	1
922	12.0	33.0	0	0	70000.0	1.0	1	1	1	1	1	1	0	0
923		30.0	1	0	20000.0	0.0	0	0	1	0	0	0	0	0
924	2.0	34.0	0	0	23000.0	0.0	1	0	1	1	0	1	0	0
925	6.0	28.0	0	0	30000.0	0.0	1	0	1	0	0	0	0	0
926	20.0	33.0	0	1	100000.0	1.0	1	0	1	1	0	1	0	0
927	1.0	24.0	0	1	100000.0	0.0	1	0	1	0	0	1	0	0
928	2.0	40.0	0	1	45000.0	0.0	1	0	1	0	0	0	0	1
929	8.0	39.0	1	0	40000.0	0.0	0	0	1	0	0	0	0	0
930	21.0	44.0	1	0	60000.0	1.0	1	0	1	1	0	1	0	0
931		32.0	0	0	30000.0	0.0	1	0	1	1	0	1	0	1
932		30.0	1	0	25000.0	0.0	1	0	1	0	1	0	0	0
933	13.0	34.0	1	0	25000.0	1.0	1	0	1	0	0	0	0	0
934		34.0	1	0	9000.0	0.0	1	0	1	0	0	0	0	0
935		33.0	0	0	12000.0	0.0	1	0	1	0	0	0	0	0
936	22.0	57.0	1	0	15000.0	1.0	0	0	1	0	0	0	0	0
937	17.0	39.0	1	1	100000.0	1.0	1	0	1	1	1	1	0	0
938	1.0	36.0	0	1	20000.0	0.0	1	0	1	0	0	0	0	0
939	12.0	38.0	0	0	50000.0	1.0	0	0	1	0	0	0	1	0
940		24.0	0	1	25000.0	0.0	1	0	1	1	0	1	0	1
941	3.0	35.0	0	0	20000.0	0.0	1	0	1	0	0	0	1	0
942		33.0	0	1	7000.0	0.0	1	0	1	0	0	0	0	0
943		34.0	0	0	12000.0	0.0	1	0	1	0	0	0	0	0
944		29.0	0	0	15000.0	0.0	1	0	1	0	0	0	1	0
945	10.0	34.0	0	0	50000.0	0.0	1	0	1	1	1	1	0	0
946	13.0	33.0	1	0	40000.0	1.0	1	0	1	0	0	0	0	0
947	1.0	38.0	0	1	20000.0	0.0	1	0	1	0	0	0	0	0
948	25.0	53.0	1	0	70000.0	1.0	1	0	1	0	0	0	0	0
949		29.0	0	1	10000.0	0.0	1	0	1	0	0	0	1	0
950	3.0	30.0	0	1	40000.0	0.0	1	0	1	1	1	1	1	0
951		31.0	1	0	25000.0	0.0	1	0	1	1	0	1	0	0
952	20.0	40.0	1	0	60000.0	1.0	1	0	1	0	0	0	1	0
953	15.0	40.0	1	0	200000.0	1.0	1	0	1	0	0	0	0	0
954	1.0	32.0	1	1	148095.0	0.0	1	0	1	0	0	1	0	0
955	2.0	29.0	1	0	30000.0	0.0	0	0	1	1	1	1	0	0
956	4.0	40.0	1	0	240000.0	1.0	1	0	1	1	0	1	0	0
957	4.0	22.0	0	1	300000.0	1.0	0	0	1	1	1	1	0	1
958	1.0	31.0	1	0	23000.0	0.0	1	0	1	0	0	0	0	0
959		42.0	1	0	20000.0	0.0	1	0	1	0	0	0	0	0
960		33.0	0	0	6000.0	0.0	0	0	1	0	0	0	0	0
961	1.0		0	0	30000.0	0.0	1	0	0	1	0	1	0	0
962	19.0	43.0	1	1	50000.0	1.0	1	0	1	0	0	0	0	0
963	2.0	34.0	1	0	120000.0	0.0	1	0	1	1	0	1	0	0
964	16.0	37.0	1	1	40000.0	1.0	1	0	1	0	0	0	0	0
965	14.0	34.0	0	1	35000.0	1.0	1	0	1	0	0	0	0	0
966	17.0	33.0	0	0	35000.0	1.0	1	0	1	0	0	0	1	0
967		28.0	0	0	15000.0	0.0	1	1	0	0	1	1	0	0
968		28.0	0	0	15000.0	0.0	1	0	0	0	0	1	1	0
969		27.0	0	0	45000.0	0.0	1	0	1	0	0	0	1	0
970	12.0	31.0	1	0	45000.0	1.0	1	0	1	0	0	0	0	0
971	2.0	30.0	0	0	20000.0	0.0	1	0	1	1	0	1	0	1
972		35.0	0	1	12000.0	0.0	1	0	0	0	1	0	0	0
973		31.0	0	0	5000.0	0.0	1	0	1	0	0	0	0	0
974	18.0	47.0	0	1	50000.0	0.0	1	0	1	0	0	0	0	0
975	1.0	24.0	0	0	10000.0	0.0	1	0	0	0	0	1	0	0
976	8.0	33.0	0	0	366520.0	1.0	1	0	1	1	0	1	1	0
977	13.0	36.0	1	0	80000.0	1.0	0	0	1	1	0	1	0	0
978	9.0	43.0	0	1	100000.0	1.0	1	0	1	1	0	1	1	0
979	17.0	38.0	0	0	50000.0	1.0	1	0	1	0	0	0	0	1
980	6.0	30.0	0	0	250000.0	1.0	1	0	1	1	0	0	0	1
981	5.0	38.0	0	0	50000.0	1.0	1	0	1	0	0	1	0	0
982		27.0	0	0	60000.0	1.0	1	0	1	0	0	1	1	0
983	5.0	30.0	0	0	45000.0	1.0	1	0	1	1	1	1	0	0
984	20.0	48.0	1	0	250000.0	0.0	1	0	1	1	0	1	0	0
985	34.0	56.0	1	1	100000.0	1.0	1	0	1	0	0	0	1	0
986		25.0	0	0	40000.0	0.0	1	1	1	1	1	1	0	0
987	15.0	38.0	1	1	25000.0	1.0	1	0	1	0	0	0	0	0
988		30.0	0	0	20000.0	0.0	1	0	1	0	1	1	1	0
989	1.0	29.0	0	0	25000.0	0.0	1	0	1	1	1	1	0	0
990		28.0	1	1	15000.0	0.0	1	0	1	1	0	1	1	0
991	2.0	32.0	0	0	30000.0	0.0	1	0	1	0	0	0	0	0
992	15.0	35.0	0	0	15000.0	1.0	1	0	1	0	0	0	0	0
993	6.0	28.0	1	1	550000.0	1.0	1	0	1	0	0	0	1	0
994		39.0	1	1	30000.0	0.0	1	0	1	0	0	0	0	1
995	4.0	25.0	0	0	30000.0	1.0	1	0	1	0	0	0	0	0
996		30.0	1	0	95000.0	0.0	1	0	1	0	0	1	1	0
997	13.0	33.0	1	0	120000.0	1.0	1	0	1	0	0	0	1	0
998	19.0	56.0	1	0	280000.0	1.0	1	0	1	1	0	1	1	0
999	20.0	52.0	1	1	150000.0	1.0	1	0	1	1	0	1	0	0
